{
  "properties": {
    "connectionReferences": {},
    "definition": {
      "$schema": "https://schema.management.azure.com/providers/Microsoft.Logic/schemas/2016-06-01/workflowdefinition.json#",
      "contentVersion": "1.0.0.0",
      "parameters": {
        "$authentication": {
          "defaultValue": {},
          "type": "SecureObject"
        }
      },
      "triggers": {
        "manual": {
          "metadata": {
            "operationMetadataId": "0fd4ca0f-8bb7-48b7-938b-e6cf88ddb8d2"
          },
          "type": "Request",
          "kind": "Button",
          "inputs": {
            "schema": {
              "type": "object",
              "properties": {},
              "required": []
            }
          }
        }
      },
      "actions": {
        "Initialize_variable_-_vThisGuidValue": {
          "runAfter": {
            "Initialize_variable_-_vThisGuidLength": [
              "Succeeded"
            ]
          },
          "metadata": {
            "operationMetadataId": "9a5909f5-104d-4ce0-903d-68eadcada683"
          },
          "type": "InitializeVariable",
          "inputs": {
            "variables": [
              {
                "name": "vThisGuidValue",
                "type": "string"
              }
            ]
          }
        },
        "Do_until_-_Loop_+_Append_Values": {
          "actions": {
            "Increment_variable_-_vCounter": {
              "runAfter": {},
              "metadata": {
                "operationMetadataId": "1c4349f8-f8c6-4f26-94bf-f235b6885519"
              },
              "type": "IncrementVariable",
              "inputs": {
                "name": "vCounter",
                "value": 1
              }
            },
            "Switch_-_rand(1,_4)": {
              "runAfter": {
                "Increment_variable_-_vCounter": [
                  "Succeeded"
                ]
              },
              "cases": {
                "Case_1": {
                  "case": 1,
                  "actions": {
                    "Append_to_string_variable_-_Letters_-_toLower()": {
                      "runAfter": {},
                      "type": "AppendToStringVariable",
                      "inputs": {
                        "name": "vThisGuidValue",
                        "value": "@last(take(variables('aListOfLetters'), rand(0, sub(length(variables('aListOfLetters')), 1))))"
                      }
                    }
                  }
                },
                "Case_2": {
                  "case": 2,
                  "actions": {
                    "Append_to_string_variable_-_Letters_-_toUpper()": {
                      "runAfter": {},
                      "type": "AppendToStringVariable",
                      "inputs": {
                        "name": "vThisGuidValue",
                        "value": "@toUpper(last(take(variables('aListOfLetters'), rand(0, sub(length(variables('aListOfLetters')), 1)))))"
                      }
                    }
                  }
                }
              },
              "default": {
                "actions": {
                  "Append_to_string_variable_-_Numbers": {
                    "runAfter": {},
                    "type": "AppendToStringVariable",
                    "inputs": {
                      "name": "vThisGuidValue",
                      "value": "@rand(0,9)"
                    }
                  }
                }
              },
              "expression": "@rand(1,4)",
              "metadata": {
                "operationMetadataId": "2501e824-77ef-4b03-9b9a-d18af55e9f52"
              },
              "type": "Switch"
            }
          },
          "runAfter": {
            "Initialize_variable_-_aListOfLetters": [
              "Succeeded"
            ]
          },
          "expression": "@greater(variables('vCounter'), variables('vThisGuidLength'))",
          "limit": {
            "count": 60,
            "timeout": "PT1H"
          },
          "metadata": {
            "operationMetadataId": "d8c46194-4ef7-49c9-b2bd-ef55f77bda40"
          },
          "type": "Until"
        },
        "Initialize_variable_-_vThisGuidLength": {
          "runAfter": {
            "Initialize_variable_-_vCounter": [
              "Succeeded"
            ]
          },
          "metadata": {
            "operationMetadataId": "7bd5c6ba-3736-4347-9747-77447011d7a0"
          },
          "type": "InitializeVariable",
          "inputs": {
            "variables": [
              {
                "name": "vThisGuidLength",
                "type": "integer",
                "value": 32
              }
            ]
          }
        },
        "Initialize_variable_-_vCounter": {
          "runAfter": {},
          "metadata": {
            "operationMetadataId": "5c704871-f7ba-498a-b9d4-96b9559e6152"
          },
          "type": "InitializeVariable",
          "inputs": {
            "variables": [
              {
                "name": "vCounter",
                "type": "integer",
                "value": 1
              }
            ]
          }
        },
        "Initialize_variable_-_aListOfLetters": {
          "runAfter": {
            "Initialize_variable_-_vThisGuidValue": [
              "Succeeded"
            ]
          },
          "metadata": {
            "operationMetadataId": "bebb3bfc-d4b3-4fab-ae2c-8865502b7483"
          },
          "type": "InitializeVariable",
          "inputs": {
            "variables": [
              {
                "name": "aListOfLetters",
                "type": "array",
                "value": "@split('a,b,c,d,e,f,g,h,i,j,k,l,m,n,o,p,q,r,s,t,u,v,w,x,y,z', ',')"
              }
            ]
          }
        },
        "Initialize_variable_-_vGuid": {
          "runAfter": {
            "Do_until_-_Loop_+_Append_Values": [
              "Succeeded"
            ]
          },
          "metadata": {
            "operationMetadataId": "32643053-cb67-4791-8707-0c4287d3bc7d"
          },
          "type": "InitializeVariable",
          "inputs": {
            "variables": [
              {
                "name": "vGuid",
                "type": "string",
                "value": "@variables('vThisGuidValue')"
              }
            ]
          }
        }
      }
    },
    "templateName": ""
  },
  "schemaVersion": "1.0.0.0"
}